idT,nom,courriel,numero_de_telephone,adresse_postale,organisme_associe,nom_dignite,nom_rang,nom_grade,nom_titre,siret,idO
1001,Claire Epine,t1001@tenrac.org,0461939909,21 Chemin de la Forêt,00000001400058,NULL,Saphir,Grand Maître,Comte,00000001400058,14
1002,Zoé Poil,t1002@tenrac.org,0446247510,118 Chemin de la Forêt,00000002000047,Illustre,Pierre,Apprenti,Roi,00000002000047,14
1003,Antoine Truffe,t1003@tenrac.org,0351354278,181 Chemin de la Forêt,00000001000022,NULL,Rubis,Novice,Roi,00000001000022,20
1004,Zoé Epine,t1004@tenrac.org,0341182449,54 Chemin de la Forêt,00000001100054,Respectable,Argent,Oracle,Comte,00000001100054,4
1005,Marie Patte,t1005@tenrac.org,0500524278,181 Chemin de la Forêt,00000001400058,Illustre,Bois,Apprenti,Chevalier,00000001400058,45
1006,Paul Queue,t1006@tenrac.org,0159826204,94 Chemin de la Forêt,00000000200038,Honorable,Bronze,Compagnon,Chevalier,00000000200038,23
1007,Antoine Patte,t1007@tenrac.org,0332260256,172 Chemin de la Forêt,00000000800053,Honorable,Fer,Apprenti,Duc,00000000800053,3
1008,Marc Griffe,t1008@tenrac.org,0475433036,85 Chemin de la Forêt,00000000900021,NULL,Pierre,Maître,Marquis,00000000900021,42
1009,Antoine Patte,t1009@tenrac.org,0950142940,28 Chemin de la Forêt,00000002000047,Vénérable,Or,Grand Maître,Duc,00000002000047,39
1010,Antoine Epine,t1010@tenrac.org,0793406088,176 Chemin de la Forêt,00000000700029,Honorable,Platine,Apprenti,Marquis,00000000700029,40
1011,Sophie Epine,t1011@tenrac.org,0584656482,50 Chemin de la Forêt,00000001400058,Eminent,Platine,Initié,Empereur,00000001400058,37
1012,Julie Patte,t1012@tenrac.org,0904436995,120 Chemin de la Forêt,00000001500080,Vénérable,Bronze,Oracle,Baron,00000001500080,43
1013,Marie Truffe,t1013@tenrac.org,0995134332,7 Chemin de la Forêt,00000000200038,Respectable,Diamant,Apprenti,Prince,00000000200038,27
1014,Zoé Oreille,t1014@tenrac.org,0467632016,57 Chemin de la Forêt,00000000600053,Suprême,Rubis,Oracle,Ecuyer,00000000600053,36
1015,Pierre Epine,t1015@tenrac.org,0827889579,185 Chemin de la Forêt,00000001700083,Vénérable,Rubis,Oracle,Baron,00000001700083,48
1016,Marc Moustache,t1016@tenrac.org,0534873471,183 Chemin de la Forêt,00000001000022,Respectable,Argent,Grand Maître,Marquis,00000001000022,35
1017,Marie Museau,t1017@tenrac.org,0336231665,139 Chemin de la Forêt,00000001500080,Vénérable,Bois,Compagnon,Duc,00000001500080,25
1018,Claire Piquant,t1018@tenrac.org,0770546688,155 Chemin de la Forêt,00000000800053,Vénérable,Bronze,Maître,Duc,00000000800053,32
1019,Jean Patte,t1019@tenrac.org,0662729806,152 Chemin de la Forêt,00000001900094,Eminent,Bois,Apprenti,Duc,00000001900094,9
1020,Marc Museau,t1020@tenrac.org,0146537556,72 Chemin de la Forêt,00000001400058,Honorable,Pierre,Oracle,Ecuyer,00000001400058,48
1021,Antoine Piquant,t1021@tenrac.org,0631003309,40 Chemin de la Forêt,00000000800053,Respectable,Diamant,Apprenti,Empereur,00000000800053,14
1022,Marc Truffe,t1022@tenrac.org,0629912419,7 Chemin de la Forêt,00000001000022,Illustre,Platine,Sage,Vicomte,00000001000022,5
1023,Claire Griffe,t1023@tenrac.org,0249190586,170 Chemin de la Forêt,00000001200015,Humble,Rubis,Grand Maître,Ecuyer,00000001200015,27
1024,Marc Epine,t1024@tenrac.org,0757262849,138 Chemin de la Forêt,00000001600090,Vénérable,Platine,Maître,Marquis,00000001600090,16
1025,Marie Truffe,t1025@tenrac.org,0837996507,84 Chemin de la Forêt,00000000600053,Vénérable,Bronze,Grand Maître,Comte,00000000600053,22
1026,Julie Oreille,t1026@tenrac.org,0580831367,143 Chemin de la Forêt,00000000800053,Eminent,Diamant,Oracle,Prince,00000000800053,2
1027,Marie Truffe,t1027@tenrac.org,0463495788,89 Chemin de la Forêt,00000001400058,Eminent,Rubis,Grand Maître,Marquis,00000001400058,45
1028,Marc Truffe,t1028@tenrac.org,0543135182,50 Chemin de la Forêt,00000000700029,Eminent,Diamant,Maître,Empereur,00000000700029,49
1029,Antoine Oreille,t1029@tenrac.org,0513435240,182 Chemin de la Forêt,00000001800018,Respectable,Argent,Novice,Ecuyer,00000001800018,36
1030,Julie Museau,t1030@tenrac.org,0810947775,48 Chemin de la Forêt,00000000200038,Honorable,Diamant,Apprenti,Chevalier,00000000200038,26
1031,Marc Epine,t1031@tenrac.org,0122941318,196 Chemin de la Forêt,00000001400058,Illustre,Saphir,Compagnon,Roi,00000001400058,25
1032,Marc Moustache,t1032@tenrac.org,0596499091,196 Chemin de la Forêt,00000000700029,Eminent,Bronze,Maître,Chevalier,00000000700029,11
1033,Pierre Museau,t1033@tenrac.org,0912067974,9 Chemin de la Forêt,00000000800053,Honorable,Argent,Oracle,Chevalier,00000000800053,44
1034,Pierre Truffe,t1034@tenrac.org,0461832421,16 Chemin de la Forêt,00000000600053,Suprême,Argent,Maître,Prince,00000000600053,8
1035,Marc Truffe,t1035@tenrac.org,0748877190,111 Chemin de la Forêt,00000001100054,Illustre,Argent,Novice,Chevalier,00000001100054,15
1036,Zoé Oreille,t1036@tenrac.org,0149027874,47 Chemin de la Forêt,00000001900094,Vénérable,Diamant,Apprenti,Prince,00000001900094,23
1037,Luc Poil,t1037@tenrac.org,0612567468,10 Chemin de la Forêt,00000001500080,Humble,Or,Maître,Marquis,00000001500080,8
1038,Luc Queue,t1038@tenrac.org,0187603859,194 Chemin de la Forêt,00000001600090,Eminent,Diamant,Novice,Vicomte,00000001600090,18
1039,Antoine Museau,t1039@tenrac.org,0577109324,142 Chemin de la Forêt,00000000100035,Illustre,Platine,Apprenti,Vicomte,00000000100035,8
1040,Marc Epine,t1040@tenrac.org,0374846773,117 Chemin de la Forêt,00000001800018,Respectable,Platine,Compagnon,Empereur,00000001800018,33
1041,Paul Epine,t1041@tenrac.org,0565840449,149 Chemin de la Forêt,00000001600090,Suprême,Fer,Oracle,Roi,00000001600090,31
1042,Sophie Poil,t1042@tenrac.org,0986753396,60 Chemin de la Forêt,00000001400058,Humble,Or,Oracle,Duc,00000001400058,25
1043,Zoé Museau,t1043@tenrac.org,0802895171,135 Chemin de la Forêt,00000001500080,Humble,Fer,Sage,Baron,00000001500080,5
1044,Marc Truffe,t1044@tenrac.org,0696158657,139 Chemin de la Forêt,00000000200038,Illustre,Pierre,Compagnon,Comte,00000000200038,15
1045,Marie Patte,t1045@tenrac.org,0217240050,76 Chemin de la Forêt,00000001200015,Honorable,Platine,Initié,Vicomte,00000001200015,34
1046,Luc Oreille,t1046@tenrac.org,0322196937,150 Chemin de la Forêt,00000000500099,Respectable,Diamant,Maître,Prince,00000000500099,17
1047,Zoé Piquant,t1047@tenrac.org,0848217594,164 Chemin de la Forêt,00000001400058,Eminent,Argent,Oracle,Comte,00000001400058,13
1048,Luc Moustache,t1048@tenrac.org,0236959440,169 Chemin de la Forêt,00000001300078,Honorable,Bois,Novice,Empereur,00000001300078,48
1049,Marc Truffe,t1049@tenrac.org,0495339421,161 Chemin de la Forêt,00000000200038,Honorable,Diamant,Novice,Empereur,00000000200038,24
1050,Paul Epine,t1050@tenrac.org,0556232858,129 Chemin de la Forêt,00000000900021,Suprême,Fer,Maître,Prince,00000000900021,19
1051,Sophie Epine,t1051@tenrac.org,0812368516,4 Chemin de la Forêt,00000000900021,Illustre,Pierre,Oracle,Marquis,00000000900021,44
1052,Zoé Truffe,t1052@tenrac.org,0751370985,157 Chemin de la Forêt,00000000800053,Eminent,Pierre,Oracle,Comte,00000000800053,42
1053,Luc Epine,t1053@tenrac.org,0300471138,35 Chemin de la Forêt,00000001300078,Vénérable,Or,Sage,Empereur,00000001300078,48
1054,Paul Patte,t1054@tenrac.org,0279640537,114 Chemin de la Forêt,00000000800053,Suprême,Or,Apprenti,Marquis,00000000800053,35
1055,Zoé Poil,t1055@tenrac.org,0164317139,6 Chemin de la Forêt,00000000200038,Suprême,Or,Compagnon,Baron,00000000200038,37
1056,Pierre Epine,t1056@tenrac.org,0939335290,71 Chemin de la Forêt,00000000500099,Respectable,Rubis,Maître,Baron,00000000500099,8
1057,Zoé Piquant,t1057@tenrac.org,0305395024,14 Chemin de la Forêt,00000000500099,Eminent,Platine,Apprenti,Chevalier,00000000500099,31
1058,Marc Poil,t1058@tenrac.org,0991783908,78 Chemin de la Forêt,00000001500080,Eminent,Bois,Novice,Prince,00000001500080,26
1059,Luc Epine,t1059@tenrac.org,0871159212,71 Chemin de la Forêt,00000002000047,Eminent,Saphir,Grand Maître,Duc,00000002000047,39
1060,Antoine Truffe,t1060@tenrac.org,0889611836,116 Chemin de la Forêt,00000000800053,Vénérable,Or,Oracle,Duc,00000000800053,27
1061,Marie Poil,t1061@tenrac.org,0754527111,24 Chemin de la Forêt,00000001400058,Humble,Or,Initié,Roi,00000001400058,4
1062,Claire Queue,t1062@tenrac.org,0951656049,80 Chemin de la Forêt,00000001200015,Humble,Saphir,Compagnon,Baron,00000001200015,43
1063,Marc Griffe,t1063@tenrac.org,0258514936,144 Chemin de la Forêt,00000002000047,Illustre,Rubis,Novice,Empereur,00000002000047,43
1064,Julie Piquant,t1064@tenrac.org,0344550229,169 Chemin de la Forêt,00000001300078,Humble,Fer,Novice,Chevalier,00000001300078,48
1065,Antoine Griffe,t1065@tenrac.org,0767525459,153 Chemin de la Forêt,00000000300085,Humble,Fer,Initié,Empereur,00000000300085,4
1066,Zoé Epine,t1066@tenrac.org,0576797643,194 Chemin de la Forêt,00000001700083,Humble,Or,Sage,Chevalier,00000001700083,19
1067,Zoé Oreille,t1067@tenrac.org,0884036900,53 Chemin de la Forêt,00000001000022,Respectable,Fer,Maître,Comte,00000001000022,21
1068,Marie Piquant,t1068@tenrac.org,0862268388,172 Chemin de la Forêt,00000001200015,Humble,Platine,Novice,Duc,00000001200015,2
1069,Marc Epine,t1069@tenrac.org,0696966416,6 Chemin de la Forêt,00000001100054,Respectable,Saphir,Oracle,Marquis,00000001100054,6
1070,Luc Epine,t1070@tenrac.org,0469681645,57 Chemin de la Forêt,00000001100054,Suprême,Fer,Apprenti,Roi,00000001100054,41
1071,Marie Queue,t1071@tenrac.org,0935523124,51 Chemin de la Forêt,00000000600053,Illustre,Fer,Apprenti,Baron,00000000600053,50
1072,Zoé Moustache,t1072@tenrac.org,0899799552,113 Chemin de la Forêt,00000000300085,Vénérable,Diamant,Maître,Comte,00000000300085,38
1073,Jean Poil,t1073@tenrac.org,0914770054,20 Chemin de la Forêt,00000000300085,Illustre,Saphir,Sage,Prince,00000000300085,38
1074,Antoine Piquant,t1074@tenrac.org,0893597820,116 Chemin de la Forêt,00000000400010,Suprême,Or,Apprenti,Roi,00000000400010,42
1075,Paul Piquant,t1075@tenrac.org,0477889255,73 Chemin de la Forêt,00000001300078,Vénérable,Or,Novice,Marquis,00000001300078,5
1076,Sophie Epine,t1076@tenrac.org,0964492519,170 Chemin de la Forêt,00000000500099,Honorable,Argent,Sage,Baron,00000000500099,39
1077,Marie Truffe,t1077@tenrac.org,0965281685,5 Chemin de la Forêt,00000001200015,Honorable,Fer,Compagnon,Marquis,00000001200015,50
1078,Marc Griffe,t1078@tenrac.org,0422141888,10 Chemin de la Forêt,00000001100054,Suprême,Saphir,Initié,Empereur,00000001100054,25
1079,Paul Museau,t1079@tenrac.org,0392706537,157 Chemin de la Forêt,00000001000022,Suprême,Diamant,Compagnon,Roi,00000001000022,16
1080,Julie Moustache,t1080@tenrac.org,0459774688,108 Chemin de la Forêt,00000000600053,Suprême,Bronze,Initié,Comte,00000000600053,4
1081,Zoé Moustache,t1081@tenrac.org,0681814124,116 Chemin de la Forêt,00000001700083,Respectable,Platine,Apprenti,Vicomte,00000001700083,29
1082,Sophie Piquant,t1082@tenrac.org,0706853615,58 Chemin de la Forêt,00000000100035,Honorable,Pierre,Grand Maître,Baron,00000000100035,9
1083,Jean Truffe,t1083@tenrac.org,0827790104,56 Chemin de la Forêt,00000000500099,Illustre,Saphir,Sage,Chevalier,00000000500099,50
1084,Julie Griffe,t1084@tenrac.org,0510369711,128 Chemin de la Forêt,00000002000047,Illustre,Bois,Compagnon,Baron,00000002000047,19
1085,Luc Piquant,t1085@tenrac.org,0639621851,135 Chemin de la Forêt,00000001800018,Illustre,Rubis,Novice,Duc,00000001800018,31
1086,Jean Patte,t1086@tenrac.org,0640515319,189 Chemin de la Forêt,00000001100054,Respectable,Bois,Grand Maître,Roi,00000001100054,22
1087,Zoé Museau,t1087@tenrac.org,0872217043,12 Chemin de la Forêt,00000000700029,Humble,Or,Maître,Roi,00000000700029,26
1088,Antoine Moustache,t1088@tenrac.org,0503450541,95 Chemin de la Forêt,00000001400058,Vénérable,Diamant,Sage,Marquis,00000001400058,12
1089,Marc Moustache,t1089@tenrac.org,0684161692,140 Chemin de la Forêt,00000001000022,Honorable,Pierre,Apprenti,Marquis,00000001000022,43
1090,Julie Truffe,t1090@tenrac.org,0896275705,158 Chemin de la Forêt,00000001400058,Honorable,Bois,Apprenti,Duc,00000001400058,24
1091,Antoine Museau,t1091@tenrac.org,0129702135,93 Chemin de la Forêt,00000001300078,Illustre,Bois,Initié,Prince,00000001300078,24
1092,Sophie Moustache,t1092@tenrac.org,0292856543,30 Chemin de la Forêt,00000000100035,Eminent,Fer,Oracle,Roi,00000000100035,25
1093,Antoine Epine,t1093@tenrac.org,0547394731,35 Chemin de la Forêt,00000000300085,Vénérable,Fer,Oracle,Chevalier,00000000300085,44
1094,Sophie Poil,t1094@tenrac.org,0288442258,58 Chemin de la Forêt,00000000400010,Respectable,Fer,Compagnon,Prince,00000000400010,2
1095,Sophie Queue,t1095@tenrac.org,0678291146,184 Chemin de la Forêt,00000001600090,Illustre,Platine,Sage,Empereur,00000001600090,5
1096,Paul Poil,t1096@tenrac.org,0277852892,197 Chemin de la Forêt,00000000500099,Vénérable,Rubis,Novice,Chevalier,00000000500099,34
1097,Paul Truffe,t1097@tenrac.org,0325358414,51 Chemin de la Forêt,00000001800018,Honorable,Fer,Maître,Empereur,00000001800018,35
1098,Marie Queue,t1098@tenrac.org,0399229959,11 Chemin de la Forêt,00000000100035,Humble,Bois,Maître,Vicomte,00000000100035,50
1099,Claire Patte,t1099@tenrac.org,0178447364,117 Chemin de la Forêt,00000000300085,Eminent,Bois,Initié,Prince,00000000300085,27
1100,Marc Moustache,t1100@tenrac.org,0459255562,195 Chemin de la Forêt,00000001200015,Illustre,Rubis,Apprenti,Marquis,00000001200015,16
1101,Marc Epine,t1101@tenrac.org,0573210469,108 Chemin de la Forêt,00000000800053,Suprême,Fer,Grand Maître,Empereur,00000000800053,47
1102,Sophie Griffe,t1102@tenrac.org,0378774701,101 Chemin de la Forêt,00000001700083,Vénérable,Bronze,Compagnon,Empereur,00000001700083,23
1103,Jean Piquant,t1103@tenrac.org,0579748016,35 Chemin de la Forêt,00000000900021,Eminent,Or,Sage,Marquis,00000000900021,3
1104,Luc Piquant,t1104@tenrac.org,0935841687,196 Chemin de la Forêt,00000001800018,Honorable,Saphir,Apprenti,Baron,00000001800018,7
1105,Luc Poil,t1105@tenrac.org,0685239868,11 Chemin de la Forêt,00000000200038,Humble,Fer,Grand Maître,Prince,00000000200038,34
1106,Marc Museau,t1106@tenrac.org,0925952694,152 Chemin de la Forêt,00000001100054,Illustre,Rubis,Oracle,Empereur,00000001100054,20
1107,Marc Piquant,t1107@tenrac.org,0651694097,68 Chemin de la Forêt,00000001900094,Illustre,Bronze,Novice,Empereur,00000001900094,31
1108,Paul Queue,t1108@tenrac.org,0723091307,81 Chemin de la Forêt,00000001400058,Respectable,Platine,Compagnon,Duc,00000001400058,33
1109,Claire Moustache,t1109@tenrac.org,0128385786,81 Chemin de la Forêt,00000000600053,Vénérable,Rubis,Grand Maître,Roi,00000000600053,23
1110,Zoé Truffe,t1110@tenrac.org,0833484344,181 Chemin de la Forêt,00000000700029,Eminent,Diamant,Grand Maître,Prince,00000000700029,23
1111,Antoine Truffe,t1111@tenrac.org,0519866524,11 Chemin de la Forêt,00000001000022,Eminent,Pierre,Grand Maître,Prince,00000001000022,42
1112,Julie Moustache,t1112@tenrac.org,0438484219,190 Chemin de la Forêt,00000001900094,Respectable,Bronze,Novice,Roi,00000001900094,15
1113,Zoé Griffe,t1113@tenrac.org,0116571208,41 Chemin de la Forêt,00000001400058,Eminent,Diamant,Oracle,Vicomte,00000001400058,49
1114,Julie Poil,t1114@tenrac.org,0501938026,46 Chemin de la Forêt,00000000200038,Suprême,Platine,Oracle,Baron,00000000200038,48
1115,Julie Piquant,t1115@tenrac.org,0149915478,135 Chemin de la Forêt,00000001600090,Respectable,Rubis,Oracle,Comte,00000001600090,13
1116,Marie Poil,t1116@tenrac.org,0374205493,45 Chemin de la Forêt,00000002000047,Suprême,Platine,Sage,Roi,00000002000047,21
1117,Marie Patte,t1117@tenrac.org,0222753046,61 Chemin de la Forêt,00000001500080,Suprême,Argent,Grand Maître,Comte,00000001500080,38
1118,Claire Piquant,t1118@tenrac.org,0553017426,176 Chemin de la Forêt,00000001700083,Eminent,Argent,Apprenti,Comte,00000001700083,24
1119,Claire Griffe,t1119@tenrac.org,0427279568,121 Chemin de la Forêt,00000001800018,Suprême,Bronze,Compagnon,Empereur,00000001800018,6
1120,Antoine Moustache,t1120@tenrac.org,0951910883,147 Chemin de la Forêt,00000001800018,Respectable,Fer,Grand Maître,Roi,00000001800018,29
1121,Marie Griffe,t1121@tenrac.org,0818707286,117 Chemin de la Forêt,00000001900094,Humble,Rubis,Oracle,Comte,00000001900094,47
1122,Jean Patte,t1122@tenrac.org,0503910651,139 Chemin de la Forêt,00000000200038,Humble,Diamant,Novice,Comte,00000000200038,27
1123,Paul Museau,t1123@tenrac.org,0756766182,168 Chemin de la Forêt,00000001200015,Humble,Fer,Sage,Roi,00000001200015,9
1124,Pierre Piquant,t1124@tenrac.org,0147868633,118 Chemin de la Forêt,00000001200015,Respectable,Argent,Compagnon,Chevalier,00000001200015,3
1125,Zoé Patte,t1125@tenrac.org,0133119079,173 Chemin de la Forêt,00000000200038,Respectable,Bois,Sage,Prince,00000000200038,15
1126,Antoine Griffe,t1126@tenrac.org,0128439599,198 Chemin de la Forêt,00000001100054,Respectable,Argent,Initié,Roi,00000001100054,15
1127,Luc Truffe,t1127@tenrac.org,0508926870,89 Chemin de la Forêt,00000001300078,Suprême,Rubis,Grand Maître,Duc,00000001300078,27
1128,Paul Truffe,t1128@tenrac.org,0728733427,15 Chemin de la Forêt,00000001800018,Vénérable,Platine,Initié,Duc,00000001800018,16
1129,Julie Griffe,t1129@tenrac.org,0617518304,97 Chemin de la Forêt,00000002000047,Illustre,Bois,Apprenti,Vicomte,00000002000047,49
1130,Claire Queue,t1130@tenrac.org,0473540331,192 Chemin de la Forêt,00000001600090,Respectable,Saphir,Compagnon,Duc,00000001600090,16
1131,Antoine Poil,t1131@tenrac.org,0567854458,128 Chemin de la Forêt,00000001500080,Humble,Diamant,Grand Maître,Vicomte,00000001500080,24
1132,Sophie Patte,t1132@tenrac.org,0193204899,185 Chemin de la Forêt,00000001400058,Honorable,Fer,Compagnon,Marquis,00000001400058,15
1133,Luc Oreille,t1133@tenrac.org,0478547772,188 Chemin de la Forêt,00000001200015,Respectable,Fer,Oracle,Baron,00000001200015,35
1134,Zoé Piquant,t1134@tenrac.org,0901006231,182 Chemin de la Forêt,00000000500099,Humble,Bronze,Oracle,Marquis,00000000500099,4
1135,Claire Oreille,t1135@tenrac.org,0870088600,136 Chemin de la Forêt,00000000900021,Illustre,Argent,Novice,Roi,00000000900021,45
1136,Zoé Patte,t1136@tenrac.org,0311823398,65 Chemin de la Forêt,00000001200015,Honorable,Platine,Apprenti,Marquis,00000001200015,26
1137,Marc Oreille,t1137@tenrac.org,0434101666,142 Chemin de la Forêt,00000001600090,Humble,Bois,Initié,Chevalier,00000001600090,32
1138,Luc Poil,t1138@tenrac.org,0280339740,20 Chemin de la Forêt,00000000900021,Illustre,Saphir,Novice,Baron,00000000900021,21
1139,Jean Griffe,t1139@tenrac.org,0361429396,174 Chemin de la Forêt,00000001800018,Honorable,Platine,Initié,Chevalier,00000001800018,33
1140,Sophie Piquant,t1140@tenrac.org,0263159996,199 Chemin de la Forêt,00000001100054,Humble,Argent,Oracle,Prince,00000001100054,15
1141,Sophie Queue,t1141@tenrac.org,0762961943,183 Chemin de la Forêt,00000000300085,Humble,Argent,Initié,Duc,00000000300085,46
1142,Zoé Museau,t1142@tenrac.org,0755110475,195 Chemin de la Forêt,00000000900021,Humble,Fer,Apprenti,Baron,00000000900021,28
1143,Marc Queue,t1143@tenrac.org,0986101581,153 Chemin de la Forêt,00000002000047,Suprême,Or,Sage,Ecuyer,00000002000047,19
1144,Luc Patte,t1144@tenrac.org,0283982622,69 Chemin de la Forêt,00000001000022,Honorable,Diamant,Initié,Chevalier,00000001000022,11
1145,Luc Truffe,t1145@tenrac.org,0747154379,158 Chemin de la Forêt,00000000700029,Vénérable,Pierre,Initié,Comte,00000000700029,1
1146,Luc Poil,t1146@tenrac.org,0757569245,155 Chemin de la Forêt,00000000700029,Vénérable,Or,Initié,Duc,00000000700029,21
1147,Julie Moustache,t1147@tenrac.org,0456465193,152 Chemin de la Forêt,00000001800018,Respectable,Rubis,Novice,Prince,00000001800018,46
1148,Pierre Moustache,t1148@tenrac.org,0516724342,184 Chemin de la Forêt,00000001400058,Suprême,Platine,Apprenti,Prince,00000001400058,39
1149,Marc Oreille,t1149@tenrac.org,0788680589,164 Chemin de la Forêt,00000000300085,Humble,Bronze,Grand Maître,Baron,00000000300085,42
1150,Claire Piquant,t1150@tenrac.org,0756101438,192 Chemin de la Forêt,00000001700083,Illustre,Saphir,Compagnon,Prince,00000001700083,24
1151,Luc Moustache,t1151@tenrac.org,0925071461,30 Chemin de la Forêt,00000000500099,Honorable,Argent,Grand Maître,Prince,00000000500099,14
1152,Antoine Moustache,t1152@tenrac.org,0671775140,182 Chemin de la Forêt,00000000400010,Humble,Or,Apprenti,Baron,00000000400010,48
1153,Pierre Queue,t1153@tenrac.org,0382586736,162 Chemin de la Forêt,00000000600053,Respectable,Platine,Sage,Ecuyer,00000000600053,48
1154,Claire Griffe,t1154@tenrac.org,0896603341,148 Chemin de la Forêt,00000000400010,Suprême,Rubis,Initié,Marquis,00000000400010,21
1155,Pierre Moustache,t1155@tenrac.org,0247859696,151 Chemin de la Forêt,00000000400010,Honorable,Or,Oracle,Empereur,00000000400010,12
1156,Zoé Truffe,t1156@tenrac.org,0225134125,178 Chemin de la Forêt,00000000500099,Illustre,Platine,Sage,Empereur,00000000500099,9
1157,Claire Patte,t1157@tenrac.org,0727828274,36 Chemin de la Forêt,00000000600053,Honorable,Diamant,Novice,Marquis,00000000600053,1
1158,Marc Museau,t1158@tenrac.org,0468876767,126 Chemin de la Forêt,00000000600053,Humble,Saphir,Novice,Vicomte,00000000600053,19
1159,Jean Truffe,t1159@tenrac.org,0484279788,29 Chemin de la Forêt,00000001900094,Humble,Argent,Grand Maître,Roi,00000001900094,49
1160,Jean Moustache,t1160@tenrac.org,0936134074,90 Chemin de la Forêt,00000000300085,Vénérable,Pierre,Compagnon,Vicomte,00000000300085,48
1161,Claire Poil,t1161@tenrac.org,0729233095,137 Chemin de la Forêt,00000000900021,Illustre,Rubis,Initié,Marquis,00000000900021,46
1162,Julie Truffe,t1162@tenrac.org,0581260422,64 Chemin de la Forêt,00000000500099,Eminent,Or,Compagnon,Duc,00000000500099,32
1163,Paul Oreille,t1163@tenrac.org,0566711684,178 Chemin de la Forêt,00000001200015,Vénérable,Diamant,Grand Maître,Empereur,00000001200015,1
1164,Marie Moustache,t1164@tenrac.org,0618636374,83 Chemin de la Forêt,00000001000022,Honorable,Rubis,Initié,Empereur,00000001000022,32
1165,Sophie Piquant,t1165@tenrac.org,0117012770,110 Chemin de la Forêt,00000000700029,Eminent,Fer,Maître,Baron,00000000700029,18
1166,Marie Poil,t1166@tenrac.org,0515206436,168 Chemin de la Forêt,00000000300085,Eminent,Pierre,Novice,Vicomte,00000000300085,31
1167,Marie Museau,t1167@tenrac.org,0487005162,123 Chemin de la Forêt,00000000300085,Respectable,Platine,Apprenti,Chevalier,00000000300085,7
1168,Sophie Poil,t1168@tenrac.org,0526221890,157 Chemin de la Forêt,00000000600053,Vénérable,Or,Compagnon,Baron,00000000600053,27
1169,Claire Moustache,t1169@tenrac.org,0411219656,81 Chemin de la Forêt,00000000500099,Respectable,Argent,Apprenti,Vicomte,00000000500099,36
1170,Claire Oreille,t1170@tenrac.org,0504389836,76 Chemin de la Forêt,00000000200038,Suprême,Bronze,Oracle,Duc,00000000200038,8
1171,Pierre Moustache,t1171@tenrac.org,0280552696,94 Chemin de la Forêt,00000001800018,Eminent,Fer,Oracle,Chevalier,00000001800018,2
1172,Claire Epine,t1172@tenrac.org,0143006848,197 Chemin de la Forêt,00000001400058,Vénérable,Platine,Apprenti,Roi,00000001400058,35
1173,Claire Museau,t1173@tenrac.org,0514183285,101 Chemin de la Forêt,00000001900094,Eminent,Pierre,Maître,Duc,00000001900094,47
1174,Pierre Piquant,t1174@tenrac.org,0416179904,171 Chemin de la Forêt,00000000600053,Humble,Bois,Initié,Ecuyer,00000000600053,11
1175,Marc Poil,t1175@tenrac.org,0984252410,86 Chemin de la Forêt,00000001400058,Honorable,Rubis,Apprenti,Comte,00000001400058,46
1176,Claire Epine,t1176@tenrac.org,0878507925,41 Chemin de la Forêt,00000000900021,Suprême,Pierre,Apprenti,Vicomte,00000000900021,48
1177,Antoine Piquant,t1177@tenrac.org,0103075622,10 Chemin de la Forêt,00000001800018,Suprême,Platine,Compagnon,Marquis,00000001800018,16
1178,Luc Poil,t1178@tenrac.org,0519518023,133 Chemin de la Forêt,00000000200038,Vénérable,Pierre,Oracle,Comte,00000000200038,50
1179,Julie Poil,t1179@tenrac.org,0287053494,190 Chemin de la Forêt,00000002000047,Respectable,Diamant,Grand Maître,Empereur,00000002000047,32
1180,Pierre Queue,t1180@tenrac.org,0420603850,86 Chemin de la Forêt,00000000100035,Suprême,Platine,Maître,Chevalier,00000000100035,14
1181,Antoine Griffe,t1181@tenrac.org,0770241038,106 Chemin de la Forêt,00000001200015,Vénérable,Pierre,Apprenti,Roi,00000001200015,9
1182,Zoé Patte,t1182@tenrac.org,0299062344,81 Chemin de la Forêt,00000001300078,Eminent,Or,Grand Maître,Prince,00000001300078,18
1183,Pierre Epine,t1183@tenrac.org,0429121277,81 Chemin de la Forêt,00000001400058,Humble,Rubis,Grand Maître,Vicomte,00000001400058,29
1184,Julie Moustache,t1184@tenrac.org,0511249035,38 Chemin de la Forêt,00000000300085,Eminent,Bronze,Grand Maître,Duc,00000000300085,33
1185,Jean Truffe,t1185@tenrac.org,0520678831,119 Chemin de la Forêt,00000000400010,Suprême,Fer,Apprenti,Ecuyer,00000000400010,4
1186,Pierre Museau,t1186@tenrac.org,0465199410,17 Chemin de la Forêt,00000000700029,Eminent,Diamant,Initié,Chevalier,00000000700029,22
1187,Marie Piquant,t1187@tenrac.org,0802966706,175 Chemin de la Forêt,00000001400058,Respectable,Or,Compagnon,Baron,00000001400058,18
1188,Julie Moustache,t1188@tenrac.org,0309993476,141 Chemin de la Forêt,00000001600090,Humble,Pierre,Maître,Duc,00000001600090,9
1189,Luc Griffe,t1189@tenrac.org,0938065787,89 Chemin de la Forêt,00000001900094,Illustre,Or,Sage,Comte,00000001900094,12
1190,Jean Poil,t1190@tenrac.org,0404078593,41 Chemin de la Forêt,00000000400010,Respectable,Bronze,Maître,Roi,00000000400010,48
1191,Jean Griffe,t1191@tenrac.org,0752239559,8 Chemin de la Forêt,00000001200015,Illustre,Saphir,Initié,Empereur,00000001200015,13
1192,Marc Queue,t1192@tenrac.org,0527010393,6 Chemin de la Forêt,00000001700083,Vénérable,Bois,Grand Maître,Empereur,00000001700083,13
1193,Paul Poil,t1193@tenrac.org,0350029218,94 Chemin de la Forêt,00000000300085,Honorable,Platine,Apprenti,Marquis,00000000300085,20
1194,Sophie Museau,t1194@tenrac.org,0367528953,171 Chemin de la Forêt,00000001900094,Suprême,Fer,Sage,Comte,00000001900094,47
1195,Julie Museau,t1195@tenrac.org,0309690295,157 Chemin de la Forêt,00000000800053,Eminent,Saphir,Apprenti,Prince,00000000800053,10
1196,Sophie Epine,t1196@tenrac.org,0455215704,54 Chemin de la Forêt,00000000800053,Eminent,Pierre,Grand Maître,Comte,00000000800053,7
1197,Jean Piquant,t1197@tenrac.org,0776267658,97 Chemin de la Forêt,00000000400010,Suprême,Diamant,Compagnon,Baron,00000000400010,29
1198,Marie Piquant,t1198@tenrac.org,0505411526,42 Chemin de la Forêt,00000000300085,Illustre,Pierre,Grand Maître,Empereur,00000000300085,40
1199,Marc Piquant,t1199@tenrac.org,0729620153,49 Chemin de la Forêt,00000001400058,Eminent,Rubis,Maître,Comte,00000001400058,20
1200,Pierre Epine,t1200@tenrac.org,0169872050,110 Chemin de la Forêt,00000000300085,Honorable,Saphir,Oracle,Vicomte,00000000300085,7
1201,Jean Griffe,t1201@tenrac.org,0341714677,170 Chemin de la Forêt,00000000900021,Humble,Rubis,Sage,Baron,00000000900021,24
1202,Luc Poil,t1202@tenrac.org,0370477434,145 Chemin de la Forêt,00000000200038,Respectable,Pierre,Apprenti,Marquis,00000000200038,35
1203,Luc Oreille,t1203@tenrac.org,0480686879,61 Chemin de la Forêt,00000001600090,Honorable,Pierre,Sage,Ecuyer,00000001600090,33
1204,Claire Queue,t1204@tenrac.org,0317223320,109 Chemin de la Forêt,00000000300085,Eminent,Platine,Compagnon,Baron,00000000300085,39
1205,Julie Poil,t1205@tenrac.org,0216868548,118 Chemin de la Forêt,00000000100035,Suprême,Saphir,Sage,Chevalier,00000000100035,27
1206,Paul Museau,t1206@tenrac.org,0219148564,99 Chemin de la Forêt,00000001600090,Illustre,Saphir,Oracle,Ecuyer,00000001600090,12
1207,Julie Patte,t1207@tenrac.org,0399606530,191 Chemin de la Forêt,00000001600090,Honorable,Or,Novice,Marquis,00000001600090,20
1208,Julie Truffe,t1208@tenrac.org,0813247546,155 Chemin de la Forêt,00000000300085,Respectable,Diamant,Compagnon,Duc,00000000300085,48
1209,Marc Queue,t1209@tenrac.org,0608214862,200 Chemin de la Forêt,00000001700083,Illustre,Bois,Initié,Vicomte,00000001700083,13
1210,Jean Griffe,t1210@tenrac.org,0170534578,102 Chemin de la Forêt,00000000400010,Eminent,Bois,Compagnon,Marquis,00000000400010,32
1211,Claire Moustache,t1211@tenrac.org,0379855241,73 Chemin de la Forêt,00000000100035,Vénérable,Bois,Initié,Empereur,00000000100035,50
1212,Pierre Griffe,t1212@tenrac.org,0434680072,166 Chemin de la Forêt,00000000600053,Illustre,Bois,Compagnon,Comte,00000000600053,39
1213,Julie Truffe,t1213@tenrac.org,0765743748,160 Chemin de la Forêt,00000001300078,Illustre,Pierre,Novice,Roi,00000001300078,43
1214,Sophie Queue,t1214@tenrac.org,0541715454,67 Chemin de la Forêt,00000001000022,Respectable,Fer,Compagnon,Ecuyer,00000001000022,39
1215,Luc Poil,t1215@tenrac.org,0307446660,150 Chemin de la Forêt,00000001900094,Suprême,Bronze,Grand Maître,Vicomte,00000001900094,44
1216,Antoine Moustache,t1216@tenrac.org,0684282417,33 Chemin de la Forêt,00000000900021,Eminent,Rubis,Initié,Marquis,00000000900021,42
1217,Marie Griffe,t1217@tenrac.org,0634655494,119 Chemin de la Forêt,00000000400010,Vénérable,Bois,Apprenti,Prince,00000000400010,13
1218,Antoine Epine,t1218@tenrac.org,0784602235,105 Chemin de la Forêt,00000001900094,Vénérable,Fer,Grand Maître,Baron,00000001900094,50
1219,Marie Moustache,t1219@tenrac.org,0625007432,148 Chemin de la Forêt,00000000600053,Vénérable,Pierre,Initié,Empereur,00000000600053,28
1220,Zoé Patte,t1220@tenrac.org,0767600835,4 Chemin de la Forêt,00000001100054,Suprême,Rubis,Compagnon,Ecuyer,00000001100054,44
1221,Jean Griffe,t1221@tenrac.org,0454216894,43 Chemin de la Forêt,00000000300085,Suprême,Bois,Maître,Comte,00000000300085,30
1222,Antoine Oreille,t1222@tenrac.org,0956257532,104 Chemin de la Forêt,00000000100035,Respectable,Bronze,Initié,Vicomte,00000000100035,47
1223,Jean Oreille,t1223@tenrac.org,0921506489,13 Chemin de la Forêt,00000002000047,Humble,Pierre,Novice,Ecuyer,00000002000047,45
1224,Marie Patte,t1224@tenrac.org,0861847230,78 Chemin de la Forêt,00000001400058,Eminent,Pierre,Maître,Empereur,00000001400058,39
1225,Paul Patte,t1225@tenrac.org,0289141173,156 Chemin de la Forêt,00000000700029,Suprême,Argent,Compagnon,Marquis,00000000700029,46
1226,Luc Truffe,t1226@tenrac.org,0308737530,4 Chemin de la Forêt,00000000300085,Humble,Saphir,Oracle,Baron,00000000300085,6
1227,Antoine Epine,t1227@tenrac.org,0243744701,45 Chemin de la Forêt,00000000200038,Suprême,Argent,Grand Maître,Marquis,00000000200038,28
1228,Marie Epine,t1228@tenrac.org,0102255794,188 Chemin de la Forêt,00000000300085,Honorable,Or,Initié,Chevalier,00000000300085,26
1229,Luc Moustache,t1229@tenrac.org,0567621202,27 Chemin de la Forêt,00000001400058,Illustre,Diamant,Oracle,Baron,00000001400058,40
1230,Luc Poil,t1230@tenrac.org,0127716701,67 Chemin de la Forêt,00000001100054,Humble,Rubis,Compagnon,Marquis,00000001100054,34
1231,Antoine Oreille,t1231@tenrac.org,0263756289,14 Chemin de la Forêt,00000000100035,Eminent,Fer,Oracle,Prince,00000000100035,11
1232,Marie Moustache,t1232@tenrac.org,0635408386,104 Chemin de la Forêt,00000000800053,Humble,Diamant,Oracle,Empereur,00000000800053,29
1233,Marie Moustache,t1233@tenrac.org,0851701660,143 Chemin de la Forêt,00000001800018,Humble,Pierre,Maître,Roi,00000001800018,36
1234,Pierre Moustache,t1234@tenrac.org,0650375899,122 Chemin de la Forêt,00000001200015,Eminent,Diamant,Apprenti,Chevalier,00000001200015,49
1235,Zoé Griffe,t1235@tenrac.org,0155488510,43 Chemin de la Forêt,00000001600090,Respectable,Platine,Apprenti,Comte,00000001600090,40
1236,Pierre Griffe,t1236@tenrac.org,0263735160,163 Chemin de la Forêt,00000001900094,Humble,Diamant,Oracle,Empereur,00000001900094,33
1237,Paul Moustache,t1237@tenrac.org,0180869782,178 Chemin de la Forêt,00000001900094,Respectable,Fer,Apprenti,Duc,00000001900094,43
1238,Claire Oreille,t1238@tenrac.org,0686693465,76 Chemin de la Forêt,00000001500080,Suprême,Fer,Initié,Duc,00000001500080,39
1239,Antoine Truffe,t1239@tenrac.org,0958333945,173 Chemin de la Forêt,00000000500099,Eminent,Fer,Grand Maître,Chevalier,00000000500099,49
1240,Sophie Queue,t1240@tenrac.org,0899684608,28 Chemin de la Forêt,00000000100035,Vénérable,Fer,Novice,Ecuyer,00000000100035,13
1241,Julie Museau,t1241@tenrac.org,0542043805,116 Chemin de la Forêt,00000000400010,Illustre,Rubis,Compagnon,Roi,00000000400010,25
1242,Pierre Queue,t1242@tenrac.org,0506665800,191 Chemin de la Forêt,00000000900021,Respectable,Saphir,Oracle,Vicomte,00000000900021,41
1243,Zoé Poil,t1243@tenrac.org,0993347212,45 Chemin de la Forêt,00000001700083,Humble,Platine,Novice,Duc,00000001700083,18
1244,Antoine Truffe,t1244@tenrac.org,0329405720,40 Chemin de la Forêt,00000001100054,Illustre,Bois,Maître,Prince,00000001100054,37
1245,Antoine Poil,t1245@tenrac.org,0258328182,107 Chemin de la Forêt,00000001800018,Illustre,Platine,Apprenti,Marquis,00000001800018,15
1246,Pierre Poil,t1246@tenrac.org,0654398780,30 Chemin de la Forêt,00000001200015,Vénérable,Bronze,Compagnon,Ecuyer,00000001200015,44
1247,Sophie Patte,t1247@tenrac.org,0264840858,131 Chemin de la Forêt,00000001500080,Vénérable,Bois,Maître,Vicomte,00000001500080,21
1248,Antoine Epine,t1248@tenrac.org,0228801336,27 Chemin de la Forêt,00000000700029,Illustre,Platine,Apprenti,Baron,00000000700029,2
1249,Marc Poil,t1249@tenrac.org,0111024819,59 Chemin de la Forêt,00000000900021,Vénérable,Platine,Oracle,Duc,00000000900021,28
1250,Sophie Piquant,t1250@tenrac.org,0718091901,92 Chemin de la Forêt,00000001700083,Humble,Argent,Maître,Empereur,00000001700083,6
1251,Julie Moustache,t1251@tenrac.org,0760728326,140 Chemin de la Forêt,00000001000022,Eminent,Fer,Maître,Marquis,00000001000022,1
1252,Antoine Queue,t1252@tenrac.org,0310099688,22 Chemin de la Forêt,00000001000022,Respectable,Or,Compagnon,Duc,00000001000022,42
1253,Antoine Museau,t1253@tenrac.org,0323943129,14 Chemin de la Forêt,00000001800018,Vénérable,Rubis,Apprenti,Comte,00000001800018,43
1254,Marie Truffe,t1254@tenrac.org,0239755231,73 Chemin de la Forêt,00000002000047,Humble,Bronze,Grand Maître,Prince,00000002000047,29
1255,Sophie Oreille,t1255@tenrac.org,0592995562,2 Chemin de la Forêt,00000001100054,Respectable,Bronze,Sage,Comte,00000001100054,24
1256,Paul Poil,t1256@tenrac.org,0877547812,166 Chemin de la Forêt,00000002000047,Humble,Argent,Initié,Roi,00000002000047,13
1257,Julie Epine,t1257@tenrac.org,0208099693,10 Chemin de la Forêt,00000001800018,Honorable,Rubis,Oracle,Baron,00000001800018,24
1258,Luc Griffe,t1258@tenrac.org,0527881658,3 Chemin de la Forêt,00000000800053,Suprême,Saphir,Initié,Roi,00000000800053,9
1259,Marc Museau,t1259@tenrac.org,0399275037,60 Chemin de la Forêt,00000000300085,Honorable,Or,Compagnon,Ecuyer,00000000300085,43
1260,Pierre Queue,t1260@tenrac.org,0667700518,163 Chemin de la Forêt,00000000900021,Suprême,Argent,Initié,Duc,00000000900021,42
1261,Luc Poil,t1261@tenrac.org,0284638655,125 Chemin de la Forêt,00000001600090,Illustre,Bois,Initié,Prince,00000001600090,11
1262,Pierre Epine,t1262@tenrac.org,0943222591,170 Chemin de la Forêt,00000000800053,Vénérable,Or,Apprenti,Prince,00000000800053,44
1263,Marc Moustache,t1263@tenrac.org,0492603029,152 Chemin de la Forêt,00000000600053,Respectable,Rubis,Novice,Empereur,00000000600053,10
1264,Jean Museau,t1264@tenrac.org,0528699041,56 Chemin de la Forêt,00000001500080,Illustre,Diamant,Oracle,Baron,00000001500080,15
1265,Luc Oreille,t1265@tenrac.org,0392984257,153 Chemin de la Forêt,00000001900094,Humble,Bronze,Sage,Duc,00000001900094,9
1266,Marie Piquant,t1266@tenrac.org,0488629127,158 Chemin de la Forêt,00000002000047,Humble,Rubis,Apprenti,Chevalier,00000002000047,31
1267,Zoé Museau,t1267@tenrac.org,0906865086,59 Chemin de la Forêt,00000001600090,Suprême,Platine,Grand Maître,Empereur,00000001600090,48
1268,Claire Epine,t1268@tenrac.org,0724731498,105 Chemin de la Forêt,00000000900021,Respectable,Bois,Novice,Empereur,00000000900021,34
1269,Marie Queue,t1269@tenrac.org,0163565126,167 Chemin de la Forêt,00000001900094,Honorable,Argent,Sage,Empereur,00000001900094,24
1270,Claire Truffe,t1270@tenrac.org,0736887258,143 Chemin de la Forêt,00000001600090,Honorable,Argent,Grand Maître,Duc,00000001600090,48
1271,Paul Epine,t1271@tenrac.org,0472138658,158 Chemin de la Forêt,00000000200038,Respectable,Platine,Novice,Chevalier,00000000200038,10
1272,Marc Oreille,t1272@tenrac.org,0711435190,186 Chemin de la Forêt,00000001300078,Vénérable,Saphir,Maître,Empereur,00000001300078,4
1273,Paul Moustache,t1273@tenrac.org,0803843098,133 Chemin de la Forêt,00000000800053,Illustre,Fer,Novice,Marquis,00000000800053,16
1274,Zoé Piquant,t1274@tenrac.org,0314656693,133 Chemin de la Forêt,00000000100035,Eminent,Pierre,Apprenti,Roi,00000000100035,19
1275,Antoine Oreille,t1275@tenrac.org,0654393769,2 Chemin de la Forêt,00000000900021,Respectable,Platine,Apprenti,Roi,00000000900021,5
1276,Antoine Truffe,t1276@tenrac.org,0618489476,145 Chemin de la Forêt,00000001600090,Suprême,Bronze,Grand Maître,Prince,00000001600090,44
1277,Marc Oreille,t1277@tenrac.org,0171416335,106 Chemin de la Forêt,00000001200015,Illustre,Rubis,Novice,Comte,00000001200015,16
1278,Julie Epine,t1278@tenrac.org,0751827553,147 Chemin de la Forêt,00000000900021,Respectable,Bronze,Oracle,Vicomte,00000000900021,16
1279,Pierre Truffe,t1279@tenrac.org,0433395211,21 Chemin de la Forêt,00000001600090,Illustre,Bois,Novice,Prince,00000001600090,24
1280,Claire Poil,t1280@tenrac.org,0894728463,193 Chemin de la Forêt,00000001900094,Respectable,Bois,Sage,Prince,00000001900094,35
1281,Jean Queue,t1281@tenrac.org,0662718750,4 Chemin de la Forêt,00000000700029,Vénérable,Saphir,Apprenti,Marquis,00000000700029,24
1282,Claire Truffe,t1282@tenrac.org,0384347955,48 Chemin de la Forêt,00000001600090,Vénérable,Bronze,Sage,Marquis,00000001600090,24
1283,Luc Truffe,t1283@tenrac.org,0829293143,143 Chemin de la Forêt,00000001400058,Suprême,Platine,Compagnon,Baron,00000001400058,48
1284,Paul Moustache,t1284@tenrac.org,0126728857,77 Chemin de la Forêt,00000000900021,Illustre,Saphir,Novice,Duc,00000000900021,7
1285,Paul Piquant,t1285@tenrac.org,0447175455,144 Chemin de la Forêt,00000001800018,Suprême,Argent,Grand Maître,Ecuyer,00000001800018,27
1286,Marie Poil,t1286@tenrac.org,0499824558,125 Chemin de la Forêt,00000001500080,Humble,Platine,Maître,Prince,00000001500080,41
1287,Paul Museau,t1287@tenrac.org,0669961125,59 Chemin de la Forêt,00000001100054,Honorable,Argent,Maître,Empereur,00000001100054,42
1288,Luc Truffe,t1288@tenrac.org,0859876220,33 Chemin de la Forêt,00000000800053,Eminent,Argent,Apprenti,Vicomte,00000000800053,11
1289,Luc Epine,t1289@tenrac.org,0217800681,27 Chemin de la Forêt,00000000900021,Illustre,Fer,Apprenti,Duc,00000000900021,20
1290,Pierre Griffe,t1290@tenrac.org,0572282005,84 Chemin de la Forêt,00000001600090,Vénérable,Rubis,Maître,Roi,00000001600090,29
1291,Paul Queue,t1291@tenrac.org,0399796884,89 Chemin de la Forêt,00000001600090,Illustre,Bronze,Apprenti,Prince,00000001600090,20
1292,Sophie Patte,t1292@tenrac.org,0524008254,121 Chemin de la Forêt,00000001800018,Humble,Diamant,Oracle,Comte,00000001800018,1
1293,Luc Truffe,t1293@tenrac.org,0408536866,64 Chemin de la Forêt,00000000600053,Eminent,Platine,Sage,Vicomte,00000000600053,17
1294,Marie Patte,t1294@tenrac.org,0489448463,18 Chemin de la Forêt,00000000600053,Respectable,Argent,Apprenti,Prince,00000000600053,40
1295,Marc Truffe,t1295@tenrac.org,0835020802,27 Chemin de la Forêt,00000001000022,Honorable,Fer,Oracle,Ecuyer,00000001000022,15
1296,Marie Museau,t1296@tenrac.org,0173564757,179 Chemin de la Forêt,00000000200038,Honorable,Pierre,Initié,Ecuyer,00000000200038,18
1297,Luc Epine,t1297@tenrac.org,0972346013,99 Chemin de la Forêt,00000001500080,Respectable,Bois,Compagnon,Prince,00000001500080,48
1298,Marie Queue,t1298@tenrac.org,0476452088,32 Chemin de la Forêt,00000000900021,Vénérable,Argent,Compagnon,Marquis,00000000900021,4
1299,Zoé Griffe,t1299@tenrac.org,0236502491,102 Chemin de la Forêt,00000000800053,Humble,Bois,Oracle,Empereur,00000000800053,10
1300,Sophie Epine,t1300@tenrac.org,0427195005,166 Chemin de la Forêt,00000000500099,Eminent,Rubis,Apprenti,Baron,00000000500099,32
1301,Pierre Poil,t1301@tenrac.org,0957306524,11 Chemin de la Forêt,00000001600090,Eminent,Diamant,Maître,Roi,00000001600090,45
1302,Marc Griffe,t1302@tenrac.org,0385574982,18 Chemin de la Forêt,00000001700083,Respectable,Diamant,Maître,Comte,00000001700083,35
1303,Sophie Moustache,t1303@tenrac.org,0186209593,83 Chemin de la Forêt,00000000300085,Eminent,Rubis,Sage,Vicomte,00000000300085,34
1304,Zoé Moustache,t1304@tenrac.org,0929456511,134 Chemin de la Forêt,00000000300085,Humble,Fer,Initié,Ecuyer,00000000300085,13
1305,Marie Moustache,t1305@tenrac.org,0410967899,66 Chemin de la Forêt,00000000200038,Honorable,Bronze,Apprenti,Ecuyer,00000000200038,14
1306,Zoé Moustache,t1306@tenrac.org,0270586509,69 Chemin de la Forêt,00000001700083,Humble,Pierre,Maître,Chevalier,00000001700083,14
1307,Antoine Epine,t1307@tenrac.org,0238633839,161 Chemin de la Forêt,00000000600053,Illustre,Rubis,Sage,Chevalier,00000000600053,50
1308,Zoé Oreille,t1308@tenrac.org,0676122868,87 Chemin de la Forêt,00000000600053,Illustre,Saphir,Oracle,Marquis,00000000600053,21
1309,Antoine Poil,t1309@tenrac.org,0666593983,97 Chemin de la Forêt,00000001800018,Eminent,Argent,Grand Maître,Prince,00000001800018,29
1310,Luc Piquant,t1310@tenrac.org,0149082404,57 Chemin de la Forêt,00000000700029,Suprême,Or,Novice,Comte,00000000700029,36
1311,Antoine Queue,t1311@tenrac.org,0310752245,150 Chemin de la Forêt,00000000800053,Respectable,Argent,Maître,Chevalier,00000000800053,37
1312,Luc Oreille,t1312@tenrac.org,0415727919,165 Chemin de la Forêt,00000001000022,Humble,Saphir,Sage,Chevalier,00000001000022,50
1313,Jean Poil,t1313@tenrac.org,0666139060,79 Chemin de la Forêt,00000001700083,Humble,Or,Initié,Marquis,00000001700083,33
1314,Pierre Museau,t1314@tenrac.org,0167998136,75 Chemin de la Forêt,00000001300078,Respectable,Fer,Grand Maître,Chevalier,00000001300078,31
1315,Claire Piquant,t1315@tenrac.org,0964168622,124 Chemin de la Forêt,00000001800018,Respectable,Diamant,Sage,Empereur,00000001800018,13
1316,Antoine Oreille,t1316@tenrac.org,0933146591,29 Chemin de la Forêt,00000001400058,Vénérable,Or,Grand Maître,Vicomte,00000001400058,21
1317,Sophie Oreille,t1317@tenrac.org,0142597927,12 Chemin de la Forêt,00000000800053,Respectable,Or,Initié,Chevalier,00000000800053,8
1318,Jean Griffe,t1318@tenrac.org,0340514770,85 Chemin de la Forêt,00000000700029,Eminent,Rubis,Compagnon,Vicomte,00000000700029,35
1319,Antoine Truffe,t1319@tenrac.org,0979206980,66 Chemin de la Forêt,00000000600053,Humble,Argent,Compagnon,Empereur,00000000600053,18
1320,Jean Moustache,t1320@tenrac.org,0116451046,60 Chemin de la Forêt,00000001300078,Illustre,Pierre,Grand Maître,Prince,00000001300078,39
1321,Antoine Epine,t1321@tenrac.org,0338780038,79 Chemin de la Forêt,00000001100054,Vénérable,Platine,Initié,Ecuyer,00000001100054,23
1322,Zoé Poil,t1322@tenrac.org,0643840460,143 Chemin de la Forêt,00000000900021,Respectable,Fer,Grand Maître,Duc,00000000900021,43
1323,Paul Epine,t1323@tenrac.org,0789363926,80 Chemin de la Forêt,00000002000047,Honorable,Diamant,Initié,Vicomte,00000002000047,42
1324,Paul Oreille,t1324@tenrac.org,0932482629,41 Chemin de la Forêt,00000001100054,Humble,Rubis,Apprenti,Baron,00000001100054,21
1325,Paul Piquant,t1325@tenrac.org,0666474231,34 Chemin de la Forêt,00000000600053,Humble,Saphir,Maître,Empereur,00000000600053,37
1326,Claire Griffe,t1326@tenrac.org,0430517289,121 Chemin de la Forêt,00000001200015,Respectable,Platine,Oracle,Prince,00000001200015,9
1327,Paul Griffe,t1327@tenrac.org,0406046333,17 Chemin de la Forêt,00000000600053,Vénérable,Saphir,Oracle,Marquis,00000000600053,30
1328,Pierre Patte,t1328@tenrac.org,0709656999,138 Chemin de la Forêt,00000001700083,Eminent,Bois,Apprenti,Prince,00000001700083,30
1329,Jean Griffe,t1329@tenrac.org,0986086803,75 Chemin de la Forêt,00000001500080,Vénérable,Argent,Maître,Prince,00000001500080,11
1330,Luc Truffe,t1330@tenrac.org,0182771812,200 Chemin de la Forêt,00000001900094,Eminent,Rubis,Initié,Duc,00000001900094,27
1331,Sophie Moustache,t1331@tenrac.org,0127937145,178 Chemin de la Forêt,00000000600053,Eminent,Pierre,Apprenti,Chevalier,00000000600053,46
1332,Marc Poil,t1332@tenrac.org,0286892686,12 Chemin de la Forêt,00000000600053,Honorable,Saphir,Initié,Baron,00000000600053,10
1333,Paul Piquant,t1333@tenrac.org,0744742123,1 Chemin de la Forêt,00000002000047,Suprême,Argent,Novice,Prince,00000002000047,32
1334,Marc Queue,t1334@tenrac.org,0197339776,114 Chemin de la Forêt,00000000300085,Illustre,Saphir,Novice,Vicomte,00000000300085,36
1335,Julie Oreille,t1335@tenrac.org,0930220502,9 Chemin de la Forêt,00000001900094,Suprême,Saphir,Maître,Marquis,00000001900094,6
1336,Jean Epine,t1336@tenrac.org,0722499982,117 Chemin de la Forêt,00000001900094,Honorable,Bois,Apprenti,Comte,00000001900094,21
1337,Sophie Patte,t1337@tenrac.org,0268147214,85 Chemin de la Forêt,00000001700083,Vénérable,Rubis,Compagnon,Vicomte,00000001700083,40
1338,Jean Epine,t1338@tenrac.org,0917946954,135 Chemin de la Forêt,00000001900094,Illustre,Or,Initié,Empereur,00000001900094,37
1339,Marc Queue,t1339@tenrac.org,0872934301,7 Chemin de la Forêt,00000001500080,Eminent,Pierre,Compagnon,Empereur,00000001500080,27
1340,Luc Piquant,t1340@tenrac.org,0658303441,79 Chemin de la Forêt,00000001000022,Illustre,Rubis,Grand Maître,Ecuyer,00000001000022,8
1341,Zoé Poil,t1341@tenrac.org,0669902355,173 Chemin de la Forêt,00000001600090,Vénérable,Bois,Initié,Prince,00000001600090,10
1342,Zoé Moustache,t1342@tenrac.org,0957608495,143 Chemin de la Forêt,00000001800018,Humble,Bronze,Grand Maître,Marquis,00000001800018,5
1343,Paul Truffe,t1343@tenrac.org,0156829962,153 Chemin de la Forêt,00000000400010,Suprême,Argent,Grand Maître,Ecuyer,00000000400010,18
1344,Luc Epine,t1344@tenrac.org,0835743842,29 Chemin de la Forêt,00000001200015,Suprême,Bois,Compagnon,Chevalier,00000001200015,29
1345,Antoine Piquant,t1345@tenrac.org,0882357845,37 Chemin de la Forêt,00000000400010,Suprême,Rubis,Initié,Vicomte,00000000400010,47
1346,Jean Moustache,t1346@tenrac.org,0781040915,120 Chemin de la Forêt,00000000200038,Humble,Rubis,Maître,Ecuyer,00000000200038,37
1347,Julie Griffe,t1347@tenrac.org,0633448571,70 Chemin de la Forêt,00000000500099,Respectable,Argent,Apprenti,Ecuyer,00000000500099,40
1348,Antoine Queue,t1348@tenrac.org,0238585424,147 Chemin de la Forêt,00000000800053,Respectable,Pierre,Maître,Empereur,00000000800053,22
1349,Antoine Moustache,t1349@tenrac.org,0120701601,110 Chemin de la Forêt,00000001300078,Respectable,Saphir,Oracle,Empereur,00000001300078,23
1350,Julie Poil,t1350@tenrac.org,0481792171,117 Chemin de la Forêt,00000001000022,Eminent,Diamant,Oracle,Vicomte,00000001000022,15
1351,Paul Oreille,t1351@tenrac.org,0556255770,17 Chemin de la Forêt,00000001600090,Humble,Or,Oracle,Prince,00000001600090,11
1352,Julie Poil,t1352@tenrac.org,0381615814,137 Chemin de la Forêt,00000001500080,Vénérable,Saphir,Sage,Vicomte,00000001500080,40
1353,Pierre Queue,t1353@tenrac.org,0376153966,146 Chemin de la Forêt,00000001100054,Illustre,Bronze,Initié,Chevalier,00000001100054,48
1354,Claire Moustache,t1354@tenrac.org,0299758172,79 Chemin de la Forêt,00000001300078,Humble,Saphir,Apprenti,Empereur,00000001300078,50
1355,Luc Poil,t1355@tenrac.org,0801329022,116 Chemin de la Forêt,00000001800018,Honorable,Platine,Oracle,Vicomte,00000001800018,14
1356,Zoé Poil,t1356@tenrac.org,0594651909,131 Chemin de la Forêt,00000001300078,Suprême,Fer,Maître,Ecuyer,00000001300078,24
1357,Antoine Piquant,t1357@tenrac.org,0185140369,101 Chemin de la Forêt,00000001100054,Eminent,Platine,Sage,Duc,00000001100054,28
1358,Antoine Griffe,t1358@tenrac.org,0372386562,74 Chemin de la Forêt,00000000500099,Respectable,Bois,Apprenti,Ecuyer,00000000500099,10
1359,Marc Patte,t1359@tenrac.org,0312679692,117 Chemin de la Forêt,00000001700083,Vénérable,Rubis,Oracle,Duc,00000001700083,23
1360,Pierre Museau,t1360@tenrac.org,0790973846,140 Chemin de la Forêt,00000001900094,Honorable,Bois,Novice,Empereur,00000001900094,31
1361,Sophie Epine,t1361@tenrac.org,0812847818,157 Chemin de la Forêt,00000000300085,Respectable,Diamant,Apprenti,Roi,00000000300085,38
1362,Julie Oreille,t1362@tenrac.org,0158077879,188 Chemin de la Forêt,00000001100054,Vénérable,Or,Maître,Comte,00000001100054,11
1363,Jean Oreille,t1363@tenrac.org,0594079290,169 Chemin de la Forêt,00000001000022,Suprême,Saphir,Novice,Comte,00000001000022,32
1364,Marie Museau,t1364@tenrac.org,0914429444,4 Chemin de la Forêt,00000000400010,Illustre,Fer,Initié,Prince,00000000400010,24
1365,Paul Truffe,t1365@tenrac.org,0472805129,40 Chemin de la Forêt,00000001600090,Suprême,Platine,Sage,Vicomte,00000001600090,43
1366,Marc Museau,t1366@tenrac.org,0495041027,103 Chemin de la Forêt,00000001600090,Honorable,Diamant,Compagnon,Duc,00000001600090,44
1367,Luc Moustache,t1367@tenrac.org,0528604765,136 Chemin de la Forêt,00000000200038,Humble,Rubis,Grand Maître,Duc,00000000200038,40
1368,Zoé Truffe,t1368@tenrac.org,0644149673,188 Chemin de la Forêt,00000001900094,Suprême,Bronze,Grand Maître,Baron,00000001900094,21
1369,Antoine Piquant,t1369@tenrac.org,0110618175,57 Chemin de la Forêt,00000001000022,Honorable,Bronze,Novice,Ecuyer,00000001000022,40
1370,Marie Piquant,t1370@tenrac.org,0491119269,48 Chemin de la Forêt,00000000400010,Eminent,Fer,Maître,Comte,00000000400010,30
1371,Zoé Epine,t1371@tenrac.org,0846542140,98 Chemin de la Forêt,00000001300078,Honorable,Bois,Maître,Comte,00000001300078,12
1372,Marc Epine,t1372@tenrac.org,0839627128,197 Chemin de la Forêt,00000001400058,Respectable,Saphir,Apprenti,Prince,00000001400058,46
1373,Julie Epine,t1373@tenrac.org,0111947072,168 Chemin de la Forêt,00000000100035,Humble,Platine,Maître,Baron,00000000100035,45
1374,Sophie Patte,t1374@tenrac.org,0187766183,1 Chemin de la Forêt,00000001300078,Eminent,Diamant,Apprenti,Empereur,00000001300078,35
1375,Sophie Poil,t1375@tenrac.org,0560158517,195 Chemin de la Forêt,00000001000022,Eminent,Bronze,Initié,Roi,00000001000022,3
1376,Luc Griffe,t1376@tenrac.org,0561571732,10 Chemin de la Forêt,00000000700029,Humble,Saphir,Compagnon,Prince,00000000700029,25
1377,Marie Queue,t1377@tenrac.org,0578700505,185 Chemin de la Forêt,00000000200038,Vénérable,Pierre,Compagnon,Roi,00000000200038,30
1378,Zoé Queue,t1378@tenrac.org,0393102707,159 Chemin de la Forêt,00000000200038,Respectable,Fer,Novice,Baron,00000000200038,41
1379,Jean Truffe,t1379@tenrac.org,0279291117,153 Chemin de la Forêt,00000002000047,Respectable,Pierre,Compagnon,Duc,00000002000047,22
1380,Zoé Patte,t1380@tenrac.org,0619825309,45 Chemin de la Forêt,00000001100054,Humble,Pierre,Maître,Baron,00000001100054,49
1381,Luc Museau,t1381@tenrac.org,0682739021,162 Chemin de la Forêt,00000002000047,Vénérable,Fer,Novice,Prince,00000002000047,6
1382,Jean Piquant,t1382@tenrac.org,0319467232,164 Chemin de la Forêt,00000000900021,Illustre,Diamant,Sage,Vicomte,00000000900021,12
1383,Claire Piquant,t1383@tenrac.org,0379145608,61 Chemin de la Forêt,00000000700029,Humble,Rubis,Apprenti,Empereur,00000000700029,24
1384,Antoine Queue,t1384@tenrac.org,0473403127,128 Chemin de la Forêt,00000000600053,Respectable,Bois,Novice,Marquis,00000000600053,19
1385,Pierre Patte,t1385@tenrac.org,0559701082,41 Chemin de la Forêt,00000000100035,Vénérable,Rubis,Apprenti,Chevalier,00000000100035,16
1386,Marc Oreille,t1386@tenrac.org,0663531531,61 Chemin de la Forêt,00000001400058,Suprême,Bronze,Sage,Vicomte,00000001400058,5
1387,Marc Oreille,t1387@tenrac.org,0806239726,96 Chemin de la Forêt,00000000500099,Vénérable,Bronze,Grand Maître,Comte,00000000500099,13
1388,Sophie Museau,t1388@tenrac.org,0190421776,44 Chemin de la Forêt,00000001100054,Respectable,Argent,Initié,Empereur,00000001100054,11
1389,Claire Queue,t1389@tenrac.org,0416873977,72 Chemin de la Forêt,00000000100035,Eminent,Platine,Compagnon,Vicomte,00000000100035,21
1390,Luc Oreille,t1390@tenrac.org,0492906007,188 Chemin de la Forêt,00000001700083,Humble,Platine,Sage,Prince,00000001700083,45
1391,Marie Moustache,t1391@tenrac.org,0831806325,76 Chemin de la Forêt,00000000800053,Eminent,Pierre,Novice,Prince,00000000800053,43
1392,Julie Museau,t1392@tenrac.org,0899077262,95 Chemin de la Forêt,00000001500080,Eminent,Bois,Apprenti,Duc,00000001500080,45
1393,Sophie Queue,t1393@tenrac.org,0146498931,159 Chemin de la Forêt,00000001100054,Eminent,Bois,Grand Maître,Ecuyer,00000001100054,8
1394,Luc Poil,t1394@tenrac.org,0890552818,182 Chemin de la Forêt,00000000700029,Respectable,Or,Compagnon,Roi,00000000700029,8
1395,Zoé Moustache,t1395@tenrac.org,0435548640,17 Chemin de la Forêt,00000001200015,Honorable,Diamant,Oracle,Roi,00000001200015,34
1396,Marie Moustache,t1396@tenrac.org,0984795137,23 Chemin de la Forêt,00000000300085,Vénérable,Fer,Maître,Chevalier,00000000300085,7
1397,Paul Truffe,t1397@tenrac.org,0227238046,175 Chemin de la Forêt,00000001800018,Respectable,Diamant,Grand Maître,Duc,00000001800018,29
1398,Zoé Piquant,t1398@tenrac.org,0531038569,88 Chemin de la Forêt,00000001100054,Vénérable,Saphir,Oracle,Prince,00000001100054,20
1399,Claire Museau,t1399@tenrac.org,0524375402,91 Chemin de la Forêt,00000001000022,Vénérable,Fer,Initié,Roi,00000001000022,19
1400,Paul Museau,t1400@tenrac.org,0323105927,67 Chemin de la Forêt,00000001200015,Respectable,Bronze,Novice,Marquis,00000001200015,23
1401,Paul Poil,t1401@tenrac.org,0882841067,197 Chemin de la Forêt,00000000500099,Vénérable,Or,Initié,Ecuyer,00000000500099,48
1402,Antoine Queue,t1402@tenrac.org,0647492975,177 Chemin de la Forêt,00000000400010,Eminent,Diamant,Novice,Baron,00000000400010,44
1403,Antoine Epine,t1403@tenrac.org,0506937515,15 Chemin de la Forêt,00000002000047,Eminent,Bronze,Compagnon,Comte,00000002000047,13
1404,Jean Epine,t1404@tenrac.org,0971863759,155 Chemin de la Forêt,00000001700083,Humble,Or,Sage,Baron,00000001700083,46
1405,Luc Poil,t1405@tenrac.org,0750455478,23 Chemin de la Forêt,00000000700029,Eminent,Diamant,Sage,Prince,00000000700029,19
1406,Paul Patte,t1406@tenrac.org,0729912347,135 Chemin de la Forêt,00000001100054,Humble,Saphir,Sage,Chevalier,00000001100054,1
1407,Luc Truffe,t1407@tenrac.org,0728792326,75 Chemin de la Forêt,00000001800018,Vénérable,Bois,Maître,Empereur,00000001800018,20
1408,Marc Queue,t1408@tenrac.org,0830024471,168 Chemin de la Forêt,00000001000022,Vénérable,Fer,Oracle,Vicomte,00000001000022,2
1409,Marie Truffe,t1409@tenrac.org,0819597964,161 Chemin de la Forêt,00000001600090,Eminent,Pierre,Grand Maître,Roi,00000001600090,47
1410,Claire Piquant,t1410@tenrac.org,0529025725,42 Chemin de la Forêt,00000000200038,Honorable,Or,Sage,Marquis,00000000200038,4
1411,Julie Truffe,t1411@tenrac.org,0918321928,83 Chemin de la Forêt,00000001100054,Suprême,Argent,Maître,Marquis,00000001100054,7
1412,Antoine Oreille,t1412@tenrac.org,0620284576,88 Chemin de la Forêt,00000000600053,Humble,Bronze,Initié,Roi,00000000600053,15
1413,Pierre Queue,t1413@tenrac.org,0988167112,5 Chemin de la Forêt,00000001600090,Honorable,Argent,Grand Maître,Baron,00000001600090,29
1414,Claire Queue,t1414@tenrac.org,0624013223,79 Chemin de la Forêt,00000000500099,Respectable,Fer,Apprenti,Duc,00000000500099,45
1415,Marie Epine,t1415@tenrac.org,0176031089,16 Chemin de la Forêt,00000001600090,Humble,Argent,Novice,Chevalier,00000001600090,20
1416,Zoé Piquant,t1416@tenrac.org,0219393250,24 Chemin de la Forêt,00000000500099,Suprême,Argent,Grand Maître,Marquis,00000000500099,11
1417,Antoine Oreille,t1417@tenrac.org,0489119083,184 Chemin de la Forêt,00000000700029,Honorable,Fer,Novice,Chevalier,00000000700029,14
1418,Antoine Moustache,t1418@tenrac.org,0692712566,55 Chemin de la Forêt,00000001700083,Respectable,Platine,Apprenti,Marquis,00000001700083,8
1419,Marc Epine,t1419@tenrac.org,0927548015,127 Chemin de la Forêt,00000000400010,Vénérable,Argent,Oracle,Empereur,00000000400010,48
1420,Julie Moustache,t1420@tenrac.org,0486463175,46 Chemin de la Forêt,00000000100035,Eminent,Diamant,Apprenti,Duc,00000000100035,29
1421,Antoine Epine,t1421@tenrac.org,0226691215,51 Chemin de la Forêt,00000001100054,Respectable,Saphir,Sage,Chevalier,00000001100054,15
1422,Luc Moustache,t1422@tenrac.org,0599465796,125 Chemin de la Forêt,00000001700083,Honorable,Fer,Oracle,Chevalier,00000001700083,8
1423,Julie Moustache,t1423@tenrac.org,0832010170,46 Chemin de la Forêt,00000001300078,Illustre,Or,Initié,Comte,00000001300078,40
1424,Claire Epine,t1424@tenrac.org,0287734778,67 Chemin de la Forêt,00000001800018,Honorable,Rubis,Novice,Ecuyer,00000001800018,28
1425,Marie Patte,t1425@tenrac.org,0856770028,169 Chemin de la Forêt,00000001000022,Eminent,Fer,Oracle,Duc,00000001000022,9
1426,Julie Patte,t1426@tenrac.org,0819788977,144 Chemin de la Forêt,00000000600053,Illustre,Bois,Sage,Comte,00000000600053,32
1427,Claire Patte,t1427@tenrac.org,0645009025,90 Chemin de la Forêt,00000001900094,Humble,Or,Sage,Chevalier,00000001900094,28
1428,Sophie Poil,t1428@tenrac.org,0750333491,177 Chemin de la Forêt,00000000300085,Suprême,Argent,Apprenti,Marquis,00000000300085,11
1429,Jean Queue,t1429@tenrac.org,0607698640,179 Chemin de la Forêt,00000001600090,Illustre,Bois,Grand Maître,Duc,00000001600090,37
1430,Luc Poil,t1430@tenrac.org,0271357852,158 Chemin de la Forêt,00000001000022,Honorable,Platine,Compagnon,Prince,00000001000022,41
1431,Marie Queue,t1431@tenrac.org,0444049639,191 Chemin de la Forêt,00000000300085,Eminent,Saphir,Apprenti,Empereur,00000000300085,22
1432,Julie Epine,t1432@tenrac.org,0976351484,111 Chemin de la Forêt,00000001800018,Honorable,Bronze,Sage,Duc,00000001800018,17
1433,Claire Queue,t1433@tenrac.org,0882082973,170 Chemin de la Forêt,00000001500080,Honorable,Rubis,Sage,Empereur,00000001500080,47
1434,Zoé Piquant,t1434@tenrac.org,0935723246,106 Chemin de la Forêt,00000001100054,Suprême,Pierre,Compagnon,Duc,00000001100054,18
1435,Julie Museau,t1435@tenrac.org,0593631230,63 Chemin de la Forêt,00000001000022,Vénérable,Diamant,Sage,Duc,00000001000022,42
1436,Jean Griffe,t1436@tenrac.org,0342044820,185 Chemin de la Forêt,00000001600090,Suprême,Bois,Novice,Chevalier,00000001600090,21
1437,Claire Truffe,t1437@tenrac.org,0265162319,189 Chemin de la Forêt,00000001700083,Humble,Rubis,Maître,Prince,00000001700083,6
1438,Pierre Oreille,t1438@tenrac.org,0255963632,28 Chemin de la Forêt,00000000600053,Respectable,Argent,Oracle,Duc,00000000600053,17
1439,Claire Piquant,t1439@tenrac.org,0885158673,72 Chemin de la Forêt,00000000500099,Honorable,Diamant,Grand Maître,Comte,00000000500099,2
1440,Zoé Oreille,t1440@tenrac.org,0103486451,137 Chemin de la Forêt,00000000800053,Suprême,Diamant,Sage,Ecuyer,00000000800053,26
1441,Julie Truffe,t1441@tenrac.org,0234327560,71 Chemin de la Forêt,00000000300085,Suprême,Diamant,Oracle,Duc,00000000300085,22
1442,Luc Epine,t1442@tenrac.org,0348156985,117 Chemin de la Forêt,00000000100035,Suprême,Bois,Initié,Prince,00000000100035,42
1443,Paul Piquant,t1443@tenrac.org,0734591123,133 Chemin de la Forêt,00000000500099,Suprême,Saphir,Sage,Marquis,00000000500099,29
1444,Marc Museau,t1444@tenrac.org,0529543165,47 Chemin de la Forêt,00000001300078,Vénérable,Saphir,Compagnon,Ecuyer,00000001300078,2
1445,Antoine Oreille,t1445@tenrac.org,0417342069,110 Chemin de la Forêt,00000002000047,Honorable,Fer,Apprenti,Marquis,00000002000047,11
1446,Claire Epine,t1446@tenrac.org,0186771333,69 Chemin de la Forêt,00000001000022,Eminent,Diamant,Sage,Baron,00000001000022,28
1447,Pierre Oreille,t1447@tenrac.org,0443626204,68 Chemin de la Forêt,00000000800053,Illustre,Diamant,Compagnon,Marquis,00000000800053,38
1448,Zoé Moustache,t1448@tenrac.org,0207256366,189 Chemin de la Forêt,00000002000047,Honorable,Pierre,Apprenti,Roi,00000002000047,4
1449,Jean Poil,t1449@tenrac.org,0475990048,159 Chemin de la Forêt,00000001300078,Honorable,Platine,Grand Maître,Baron,00000001300078,36
1450,Jean Oreille,t1450@tenrac.org,0342875721,82 Chemin de la Forêt,00000001700083,Vénérable,Fer,Maître,Chevalier,00000001700083,21
1451,Jean Museau,t1451@tenrac.org,0845644948,81 Chemin de la Forêt,00000001400058,Respectable,Or,Oracle,Baron,00000001400058,36
1452,Zoé Moustache,t1452@tenrac.org,0132032074,42 Chemin de la Forêt,00000001500080,Vénérable,Pierre,Oracle,Ecuyer,00000001500080,29
1453,Sophie Queue,t1453@tenrac.org,0877121513,73 Chemin de la Forêt,00000000600053,Suprême,Fer,Maître,Empereur,00000000600053,43
1454,Claire Griffe,t1454@tenrac.org,0189261371,85 Chemin de la Forêt,00000000100035,Honorable,Pierre,Sage,Marquis,00000000100035,38
1455,Marie Poil,t1455@tenrac.org,0301777490,85 Chemin de la Forêt,00000000200038,Eminent,Saphir,Oracle,Marquis,00000000200038,47
1456,Claire Museau,t1456@tenrac.org,0404501896,24 Chemin de la Forêt,00000001300078,Honorable,Fer,Compagnon,Duc,00000001300078,6
1457,Jean Griffe,t1457@tenrac.org,0366421476,189 Chemin de la Forêt,00000001000022,Eminent,Saphir,Initié,Marquis,00000001000022,43
1458,Marie Poil,t1458@tenrac.org,0937767499,109 Chemin de la Forêt,00000000300085,Suprême,Platine,Grand Maître,Empereur,00000000300085,12
1459,Luc Patte,t1459@tenrac.org,0208573278,162 Chemin de la Forêt,00000001700083,Humble,Argent,Oracle,Duc,00000001700083,6
1460,Marc Truffe,t1460@tenrac.org,0324386490,142 Chemin de la Forêt,00000000300085,Humble,Rubis,Apprenti,Roi,00000000300085,28
1461,Luc Epine,t1461@tenrac.org,0894549180,30 Chemin de la Forêt,00000001500080,Respectable,Fer,Sage,Ecuyer,00000001500080,6
1462,Luc Truffe,t1462@tenrac.org,0697794523,48 Chemin de la Forêt,00000000300085,Eminent,Saphir,Maître,Chevalier,00000000300085,28
1463,Antoine Piquant,t1463@tenrac.org,0161027769,186 Chemin de la Forêt,00000001600090,Honorable,Saphir,Grand Maître,Duc,00000001600090,20
1464,Marie Museau,t1464@tenrac.org,0303103037,167 Chemin de la Forêt,00000000500099,Eminent,Bronze,Sage,Roi,00000000500099,13
1465,Marie Truffe,t1465@tenrac.org,0827601227,125 Chemin de la Forêt,00000001600090,Humble,Diamant,Compagnon,Vicomte,00000001600090,19
1466,Claire Patte,t1466@tenrac.org,0150166799,188 Chemin de la Forêt,00000001800018,Honorable,Bois,Oracle,Duc,00000001800018,32
1467,Antoine Oreille,t1467@tenrac.org,0830806958,17 Chemin de la Forêt,00000000900021,Eminent,Platine,Oracle,Chevalier,00000000900021,32
1468,Claire Poil,t1468@tenrac.org,0860243757,60 Chemin de la Forêt,00000001700083,Respectable,Saphir,Grand Maître,Empereur,00000001700083,46
1469,Zoé Moustache,t1469@tenrac.org,0346657293,73 Chemin de la Forêt,00000000300085,Eminent,Diamant,Initié,Baron,00000000300085,13
1470,Paul Oreille,t1470@tenrac.org,0816743380,5 Chemin de la Forêt,00000001200015,Honorable,Or,Initié,Baron,00000001200015,33
1471,Jean Epine,t1471@tenrac.org,0661931837,67 Chemin de la Forêt,00000001100054,Suprême,Or,Novice,Roi,00000001100054,18
1472,Paul Queue,t1472@tenrac.org,0207711991,144 Chemin de la Forêt,00000000200038,Illustre,Pierre,Initié,Chevalier,00000000200038,14
1473,Sophie Museau,t1473@tenrac.org,0578712552,32 Chemin de la Forêt,00000000700029,Vénérable,Platine,Novice,Vicomte,00000000700029,31
1474,Sophie Truffe,t1474@tenrac.org,0921456532,193 Chemin de la Forêt,00000001700083,Vénérable,Bronze,Initié,Duc,00000001700083,27
1475,Luc Moustache,t1475@tenrac.org,0950720811,87 Chemin de la Forêt,00000001100054,Vénérable,Fer,Sage,Ecuyer,00000001100054,26
1476,Jean Museau,t1476@tenrac.org,0184668455,3 Chemin de la Forêt,00000000900021,Illustre,Saphir,Initié,Duc,00000000900021,29
1477,Zoé Griffe,t1477@tenrac.org,0999756341,10 Chemin de la Forêt,00000001800018,Honorable,Platine,Initié,Roi,00000001800018,35
1478,Julie Griffe,t1478@tenrac.org,0288485200,139 Chemin de la Forêt,00000001900094,Honorable,Bronze,Maître,Duc,00000001900094,33
1479,Marie Piquant,t1479@tenrac.org,0648510174,147 Chemin de la Forêt,00000000100035,Vénérable,Or,Compagnon,Empereur,00000000100035,37
1480,Zoé Queue,t1480@tenrac.org,0454492683,27 Chemin de la Forêt,00000001100054,Illustre,Saphir,Compagnon,Marquis,00000001100054,30
1481,Marie Museau,t1481@tenrac.org,0761106273,115 Chemin de la Forêt,00000000300085,Honorable,Rubis,Sage,Empereur,00000000300085,36
1482,Antoine Patte,t1482@tenrac.org,0597677622,130 Chemin de la Forêt,00000000500099,Vénérable,Diamant,Initié,Roi,00000000500099,34
1483,Marie Griffe,t1483@tenrac.org,0870285196,29 Chemin de la Forêt,00000000400010,Honorable,Saphir,Maître,Ecuyer,00000000400010,34
1484,Paul Epine,t1484@tenrac.org,0645447022,151 Chemin de la Forêt,00000001400058,Humble,Argent,Maître,Vicomte,00000001400058,12
1485,Marc Piquant,t1485@tenrac.org,0285106794,145 Chemin de la Forêt,00000001500080,Honorable,Platine,Oracle,Empereur,00000001500080,9
1486,Paul Queue,t1486@tenrac.org,0877251996,100 Chemin de la Forêt,00000000800053,Vénérable,Or,Novice,Prince,00000000800053,48
1487,Julie Epine,t1487@tenrac.org,0309481813,159 Chemin de la Forêt,00000001800018,Illustre,Bois,Compagnon,Prince,00000001800018,33
1488,Jean Epine,t1488@tenrac.org,0920433971,137 Chemin de la Forêt,00000002000047,Honorable,Platine,Novice,Prince,00000002000047,2
1489,Sophie Patte,t1489@tenrac.org,0360856411,26 Chemin de la Forêt,00000001800018,Respectable,Argent,Initié,Baron,00000001800018,17
1490,Marie Museau,t1490@tenrac.org,0562095200,77 Chemin de la Forêt,00000001300078,Humble,Or,Initié,Duc,00000001300078,21
1491,Julie Patte,t1491@tenrac.org,0203399378,193 Chemin de la Forêt,00000001700083,Vénérable,Pierre,Maître,Ecuyer,00000001700083,21
1492,Marc Queue,t1492@tenrac.org,0717063048,151 Chemin de la Forêt,00000000400010,Respectable,Rubis,Initié,Comte,00000000400010,37
1493,Luc Moustache,t1493@tenrac.org,0283258238,109 Chemin de la Forêt,00000001800018,Vénérable,Bois,Novice,Prince,00000001800018,40
1494,Julie Museau,t1494@tenrac.org,0107494653,150 Chemin de la Forêt,00000001700083,Honorable,Bois,Initié,Roi,00000001700083,37
1495,Marie Truffe,t1495@tenrac.org,0261284639,130 Chemin de la Forêt,00000001100054,Eminent,Or,Maître,Prince,00000001100054,18
1496,Pierre Poil,t1496@tenrac.org,0637950209,122 Chemin de la Forêt,00000000100035,Humble,Fer,Sage,Roi,00000000100035,45
1497,Marc Patte,t1497@tenrac.org,0911807156,154 Chemin de la Forêt,00000001200015,Vénérable,Fer,Novice,Chevalier,00000001200015,30
1498,Sophie Griffe,t1498@tenrac.org,0803045319,161 Chemin de la Forêt,00000001000022,Suprême,Bronze,Compagnon,Prince,00000001000022,24
1499,Jean Truffe,t1499@tenrac.org,0893036149,129 Chemin de la Forêt,00000001600090,Respectable,Rubis,Compagnon,Empereur,00000001600090,44
1500,Zoé Oreille,t1500@tenrac.org,0319212493,134 Chemin de la Forêt,00000000900021,Respectable,Bois,Maître,Roi,00000000900021,30
